"message","mess_no"
"1 UIO ",1
"2 UIO ",2
"3 UIO b8800h01.jpg",3
"4 UIO ",4
"5 UIO ",5
"6 UIO ",6
"7 UIO ",7
"8 UIO ",8
"9 UIO ",9
"10 UIO ",10
"11 UIO ",11
"12 UIO ",12
"13 UIO ",13
"14 UIO ",14
"15 UIO ",15
"16 UIO ",16
"17 UIO ",17
"18 UIO ",18
"19 UIO ",19
"20 UIO ",20
"21 UIO ",21
"22 UIO ",22
"23 UIO ",23
"24 UIO ",24
"25 UIO ",25
"26 UIO ",26
"27 UIO ",27
"28 UIO ",28
"29 UIO ",29
"30 UIO ",30
"31 UIO ",31
"32 UIO ",32
"33 UIO ",33
"34 UIO ",34
"35 UIO ",35
"36 UIO ",36
"37 UIO ",37
"38 UIO ",38
"39 UIO ",39
"40 UIO ",40
"41 UIO ",41
"42 UIO ",42
"43 UIO ",43
"44 UIO ",44
"45 UIO ",45
"46 UIO ",46
"47 UIO ",47
"48 UIO ",48
"49 UIO ",49
"50 UIO ",50
"51 UIO ",51
"52 UIO ",52
"53 UIO ",53
"54 UIO ",54
"55 UIO ",55
"56 UIO ",56
"57 UIO ",57
"58 UIO ",58
"59 UIO ",59
"60 UIO ",60
"61 UIO ",61
"62 UIO ",62
"63 UIO ",63
"64 UIO ",64
"65 UIO ",65
"66 UIO ",66
"67 UIO ",67
"68 UIO ",68
"69 UIO ",69
"70 UIO ",70
"71 UIO ",71
"72 UIO ",72
"73 UIO ",73
"74 UIO ",74
"75 UIO ",75
"76 UIO ",76
"77 UIO ",77
"78 UIO ",78
"79 UIO ",79
"80 UIO ",80
"81 UIO ",81
"82 UIO ",82
"83 UIO ",83
"84 UIO ",84
"85 UIO ",85
"86 UIO ",86
"87 UIO ",87
"88 UIO ",88
"89 UIO ",89
"90 UIO ",90
"91 UIO ",91
"92 UIO ",92
"93 UIO ",93
"94 UIO ",94
"95 UIO ",95
"96 UIO ",96
"97 UIO ",97
"98 UIO ",98
"99 UIO ",99
"100 UIO ",100
"101 UIO ",101
"102 UIO ",102
"103 UIO ",103
"104 UIO ",104
"105 UIO ",105
"106 UIO ",106
"107 UIO ",107
"108 UIO ",108
"109 UIO ",109
"110 UIO ",110
"111 UIO ",111
"112 UIO ",112
"113 UIO ",113
"114 UIO ",114
"115 UIO ",115
"116 UIO ",116
"117 UIO ",117
"118 UIO ",118
"119 UIO ",119
"120 UIO ",120
"121 UIO ",121
"122 UIO ",122
"123 UIO ",123
"124 UIO ",124
"125 UIO ",125
"126 UIO ",126
"127 UIO ",127
"128 UIO ",128
"129 UIO ",129
"130 UIO ",130
"131 UIO ",131
"132 UIO ",132
"133 UIO ",133
"134 UIO ",134
"135 UIO ",135
"136 UIO ",136
"137 UIO ",137
"138 UIO ",138
"139 UIO ",139
"140 UIO ",140
"141 UIO ",141
"142 UIO ",142
"143 UIO ",143
"144 UIO ",144
"145 UIO ",145
"146 UIO ",146
"147 UIO ",147
"148 UIO ",148
"149 UIO ",149
"150 UIO ",150
"151 UIO ",151
"152 UIO ",152
"153 UIO ",153
"154 UIO ",154
"155 UIO ",155
"156 UIO ",156
"157 UIO ",157
"158 UIO ",158
"159 UIO ",159
"160 UIO ",160
"161 UIO ",161
"162 UIO ",162
"163 UIO ",163
"164 UIO ",164
"165 UIO ",165
"166 UIO ",166
"167 UIO ",167
"168 UIO ",168
"169 UIO ",169
"170 UIO ",170
"171 UIO ",171
"172 UIO ",172
"173 UIO ",173
"174 UIO ",174
"175 UIO ",175
"176 UIO ",176
"177 UIO ",177
"178 UIO ",178
"179 UIO ",179
"180 UIO ",180
"181 UIO ",181
"182 UIO ",182
"183 UIO ",183
"184 UIO ",184
"185 UIO ",185
"186 UIO ",186
"187 UIO ",187
"188 UIO ",188
"189 UIO ",189
"190 UIO ",190
"191 UIO ",191
"192 UIO ",192
"193 UIO ",193
"194 UIO ",194
"195 UIO ",195
"196 UIO ",196
"197 UIO ",197
"198 UIO ",198
"199 UIO ",199
"200 UIO ",200
"201 UIO ",201
"202 UIO ",202
"203 UIO ",203
"204 UIO ",204
"205 UIO ",205
"206 UIO ",206
"207 UIO ",207
"208 UIO ",208
"209 UIO ",209
"210 UIO ",210
"211 UIO ",211
"212 UIO ",212
"213 UIO ",213
"214 UIO ",214
"215 UIO ",215
"216 UIO ",216
"217 UIO ",217
"218 UIO ",218
"219 UIO ",219
"220 UIO ",220
"221 UIO ",221
"222 UIO ",222
"223 UIO ",223
"224 UIO ",224
"225 UIO ",225
"226 UIO ",226
"227 UIO ",227
"228 UIO ",228
"229 UIO ",229
"230 UIO ",230
"231 UIO ",231
"232 UIO ",232
"233 UIO ",233
"234 UIO ",234
"235 UIO ",235
"236 UIO ",236
"237 UIO ",237
"238 UIO ",238
"239 UIO ",239
"240 UIO ",240
"241 UIO ",241
"242 UIO ",242
"243 UIO ",243
"244 UIO ",244
"245 UIO ",245
"246 UIO ",246
"247 UIO ",247
"248 UIO ",248
"249 UIO ",249
"250 UIO ",250
"251 UIO ",251
"252 UIO ",252
"253 UIO ",253
"254 UIO ",254
"255 UIO ",255
"256 UIO ",256
"257 UIO ",257
"258 UIO ",258
"259 UIO ",259
"260 UIO ",260
"261 UIO ",261
"262 UIO ",262
"263 UIO ",263
"264 UIO ",264
"265 UIO ",265
"266 UIO ",266
"267 UIO ",267
"268 UIO ",268
"269 UIO ",269
"270 UIO ",270
"271 UIO ",271
"272 UIO ",272
"273 UIO ",273
"274 UIO ",274
"275 UIO ",275
"276 UIO ",276
"277 UIO ",277
"278 UIO ",278
"279 UIO ",279
"280 UIO ",280
"281 UIO ",281
"282 UIO ",282
"283 UIO ",283
"284 UIO ",284
"285 UIO ",285
"286 UIO ",286
"287 UIO ",287
"288 UIO ",288
"289 UIO ",289
"290 UIO ",290
"291 UIO ",291
"292 UIO ",292
"293 UIO ",293
"294 UIO ",294
"295 UIO ",295
"296 UIO ",296
"297 UIO ",297
"298 UIO ",298
"299 UIO ",299
"300 UIO ",300
"301 UIO ",301
"302 UIO ",302
"303 UIO ",303
"304 UIO ",304
"305 UIO ",305
"306 UIO ",306
"307 UIO ",307
"308 UIO ",308
"309 UIO ",309
"310 UIO ",310
"311 UIO ",311
"312 UIO ",312
"313 UIO ",313
"314 UIO ",314
"315 UIO ",315
"316 UIO ",316
"317 UIO ",317
"318 UIO ",318
"319 UIO ",319
"320 UIO ",320
"321 UIO ",321
"322 UIO ",322
"323 UIO ",323
"324 UIO ",324
"325 UIO ",325
"326 UIO ",326
"327 UIO ",327
"328 UIO ",328
"329 UIO ",329
"330 UIO ",330
"331 UIO ",331
"332 UIO ",332
"333 UIO ",333
"334 UIO ",334
"335 UIO ",335
"336 UIO ",336
"337 UIO ",337
"338 UIO ",338
"339 UIO ",339
"340 UIO ",340
"341 UIO ",341
"342 UIO ",342
"343 UIO ",343
"344 UIO ",344
"345 UIO ",345
"346 UIO ",346
"347 UIO ",347
"348 UIO ",348
"349 UIO ",349
"350 UIO ",350
"351 UIO ",351
"352 UIO ",352
"353 UIO ",353
"354 UIO ",354
"355 UIO ",355
"356 UIO ",356
"357 UIO ",357
"358 UIO ",358
"359 UIO ",359
"360 UIO ",360
"361 UIO ",361
"362 UIO ",362
"363 UIO ",363
"364 UIO ",364
"365 UIO ",365
"366 UIO ",366
"367 UIO ",367
"368 UIO ",368
"369 UIO ",369
"370 UIO ",370
"371 UIO ",371
"372 UIO ",372
"373 UIO ",373
"374 UIO ",374
"375 UIO ",375
"376 UIO ",376
"377 UIO ",377
"378 UIO ",378
"379 UIO ",379
"380 UIO ",380
"381 UIO ",381
"382 UIO ",382
"383 UIO ",383
"384 UIO ",384
"385 UIO ",385
"386 UIO ",386
"387 UIO ",387
"388 UIO ",388
"389 UIO ",389
"390 UIO ",390
"391 UIO ",391
"392 UIO ",392
"393 UIO ",393
"394 UIO ",394
"395 UIO ",395
"396 UIO ",396
"397 UIO ",397
"398 UIO ",398
"399 UIO ",399
"400 UIO ",400
"401 UIO ",401
"402 UIO ",402
"403 UIO ",403
"404 UIO ",404
"405 UIO ",405
"406 UIO ",406
"407 UIO ",407
"408 UIO ",408
"409 UIO ",409
"410 UIO ",410
"411 UIO ",411
"412 UIO ",412
"413 UIO ",413
"414 UIO ",414
"415 UIO ",415
"416 UIO ",416
"417 UIO ",417
"418 UIO ",418
"419 UIO ",419
"420 UIO ",420
"421 UIO ",421
"422 UIO ",422
"423 UIO ",423
"424 UIO ",424
"425 UIO ",425
"426 UIO ",426
"427 UIO ",427
"428 UIO ",428
"429 UIO ",429
"430 UIO ",430
"431 UIO ",431
"432 UIO ",432
"433 UIO ",433
"434 UIO ",434
"435 UIO ",435
"436 UIO ",436
"437 UIO ",437
"438 UIO ",438
"439 UIO ",439
"440 UIO ",440
"441 UIO ",441
"442 UIO ",442
"443 UIO ",443
"444 UIO ",444
"445 UIO ",445
"446 UIO ",446
"447 UIO ",447
"448 UIO ",448
"449 UIO ",449
"450 UIO ",450
"451 UIO ",451
"452 UIO ",452
"453 UIO ",453
"454 UIO ",454
"455 UIO ",455
"456 UIO ",456
"457 UIO ",457
"458 UIO ",458
"459 UIO ",459
"460 UIO ",460
"461 UIO ",461
"462 UIO ",462
"463 UIO ",463
"464 UIO ",464
"465 UIO ",465
"466 UIO ",466
"467 UIO ",467
"468 UIO ",468
"469 UIO ",469
"470 UIO ",470
"471 UIO ",471
"472 UIO ",472
"473 UIO ",473
"474 UIO ",474
"475 UIO ",475
"476 UIO ",476
"477 UIO ",477
"478 UIO ",478
"479 UIO ",479
"480 UIO ",480
"481 UIO ",481
"482 UIO ",482
"483 UIO ",483
"484 UIO ",484
"485 UIO ",485
"486 UIO ",486
"487 UIO ",487
"488 UIO ",488
"489 UIO ",489
"490 UIO ",490
"491 UIO ",491
"492 UIO ",492
"493 UIO ",493
"494 UIO ",494
"495 UIO ",495
"496 UIO ",496
"497 UIO ",497
"498 UIO ",498
"499 UIO ",499
"500 UIO ",500
"501 UIO ",501
"502 UIO ",502
"503 UIO ",503
"504 UIO ",504
"505 UIO ",505
"506 UIO ",506
"507 UIO ",507
"508 UIO ",508
"509 UIO ",509
"510 UIO ",510
"511 UIO ",511
"512 UIO ",512
"513 UIO ",513
"514 UIO ",514
"515 UIO ",515
"516 UIO ",516
"517 UIO ",517
"518 UIO ",518
"519 UIO ",519
"520 UIO ",520
"521 UIO ",521
"522 UIO ",522
"523 UIO ",523
"524 UIO ",524
"525 UIO ",525
"526 UIO ",526
"527 UIO ",527
"528 UIO ",528
"529 UIO ",529
"530 UIO ",530
"531 UIO ",531
"532 UIO ",532
"533 UIO ",533
"534 UIO ",534
"535 UIO ",535
"536 UIO ",536
"537 UIO ",537
"538 UIO ",538
"539 UIO ",539
"540 UIO ",540
"541 UIO ",541
"542 UIO ",542
"543 UIO ",543
"544 UIO ",544
"545 UIO ",545
"546 UIO ",546
"547 UIO ",547
"548 UIO ",548
"549 UIO ",549
"550 UIO ",550
"551 UIO ",551
"552 UIO ",552
"553 UIO ",553
"554 UIO ",554
"555 UIO ",555
"556 UIO ",556
"557 UIO ",557
"558 UIO ",558
"559 UIO ",559
"560 UIO ",560
"561 UIO ",561
"562 UIO ",562
"563 UIO ",563
"564 UIO ",564
"565 UIO ",565
"566 UIO ",566
"567 UIO ",567
"568 UIO ",568
"569 UIO ",569
"570 UIO ",570
"571 UIO ",571
"572 UIO ",572
"573 UIO ",573
"574 UIO ",574
"575 UIO ",575
"576 UIO ",576
"577 UIO ",577
"578 UIO ",578
"579 UIO ",579
"580 UIO ",580
"581 UIO ",581
"582 UIO ",582
"583 UIO ",583
"584 UIO ",584
"585 UIO ",585
"586 UIO ",586
"587 UIO ",587
"588 UIO ",588
"589 UIO ",589
"590 UIO ",590
"591 UIO ",591
"592 UIO ",592
"593 UIO ",593
"594 UIO ",594
"595 UIO ",595
"596 UIO ",596
"597 UIO ",597
"598 UIO ",598
"599 UIO ",599
"600 UIO ",600
"601 UIO ",601
"602 UIO ",602
"603 UIO ",603
"604 UIO ",604
"605 UIO ",605
"606 UIO ",606
"607 UIO ",607
"608 UIO ",608
"609 UIO ",609
"610 UIO ",610
"611 UIO ",611
"612 UIO ",612
"613 UIO ",613
"614 UIO ",614
"615 UIO ",615
"616 UIO ",616
"617 UIO ",617
"618 UIO ",618
"619 UIO ",619
"620 UIO ",620
"621 UIO ",621
"622 UIO ",622
"623 UIO ",623
"624 UIO ",624
"625 UIO ",625
"626 UIO ",626
"627 UIO ",627
"628 UIO ",628
"629 UIO ",629
"630 UIO ",630
"631 UIO ",631
"632 UIO ",632
"633 UIO ",633
"634 UIO ",634
"635 UIO ",635
"636 UIO ",636
"637 UIO ",637
"638 UIO ",638
"639 UIO ",639
"640 UIO ",640
"641 UIO ",641
"642 UIO ",642
"643 UIO ",643
"644 UIO ",644
"645 UIO ",645
"646 UIO ",646
"647 UIO ",647
"648 UIO ",648
"649 UIO ",649
"650 UIO ",650
"651 UIO ",651
"652 UIO ",652
"653 UIO ",653
"654 UIO ",654
"655 UIO ",655
"656 UIO ",656
"657 UIO ",657
"658 UIO ",658
"659 UIO ",659
"660 UIO ",660
"661 UIO ",661
"662 UIO ",662
"663 UIO ",663
"664 UIO ",664
"665 UIO ",665
"666 UIO ",666
"667 UIO ",667
"668 UIO ",668
"669 UIO ",669
"670 UIO ",670
"671 UIO ",671
"672 UIO ",672
"673 UIO ",673
"674 UIO ",674
"675 UIO ",675
"676 UIO ",676
"677 UIO ",677
"678 UIO ",678
"679 UIO ",679
"680 UIO ",680
"681 UIO ",681
"682 UIO ",682
"683 UIO ",683
"684 UIO ",684
"685 UIO ",685
"686 UIO ",686
"687 UIO ",687
"688 UIO ",688
"689 UIO ",689
"690 UIO ",690
"691 UIO ",691
"692 UIO ",692
"693 UIO ",693
"694 UIO ",694
"695 UIO ",695
"696 UIO ",696
"697 UIO ",697
"698 UIO ",698
"699 UIO ",699
"700 UIO ",700
"701 UIO ",701
"702 UIO ",702
"703 UIO ",703
"704 UIO ",704
"705 UIO ",705
"706 UIO ",706
"707 UIO ",707
"708 UIO ",708
"709 UIO ",709
"710 UIO ",710
"711 UIO ",711
"712 UIO ",712
"713 UIO ",713
"714 UIO ",714
"715 UIO ",715
"716 UIO ",716
"717 UIO ",717
"718 UIO ",718
"719 UIO ",719
"720 UIO ",720
"721 UIO ",721
"722 UIO ",722
"723 UIO ",723
"724 UIO ",724
"725 UIO ",725
"726 UIO ",726
"727 UIO ",727
"728 UIO ",728
"729 UIO ",729
"730 UIO ",730
"731 UIO ",731
"732 UIO ",732
"733 UIO ",733
"734 UIO ",734
"735 UIO ",735
"736 UIO ",736
"737 UIO ",737
"738 UIO ",738
"739 UIO ",739
